Workbook

Sheet Planilha1
A1: Dashboard_RpgReimagine
N9: Usuários Cadastrados (últimos 10 dias) | V9: Elementos por Mesa (média) | AD9: Usuários Cadastrados (Último dia)
N12: ='Valores Capturados'!N36 -> 99 | V12: ='Valores Capturados'!N39 -> 10 | AD12: ='Valores Capturados'!N42 -> 10
N38: Personagens Criados (últimos 10 dias) | V38: Elementos por Mesa (média) | AD38: Personagens Criados (Último dia)
N41: ='Valores Capturados'!P36 -> 150 | V41: ='Valores Capturados'!P39 -> 15 | AD41: ='Valores Capturados'!P42 -> 18
N66: Mesas Criadas (últimos 10 dias) | V66: Elementos por Mesa (média) | AD66: Mesas Criadas (Último Dia)
N69: ='Valores Capturados'!R36 -> 14 | V69: ='Valores Capturados'!R39 -> 1 | AD69: ='Valores Capturados'!R42 -> 0
N96: Elementos Criados(últimos 10 dias) | V96: Elementos por Mesa (média)
N99: ='Valores Capturados'!T36 -> 4894 | V99: ='Valores Capturados'!V36 -> 350

Sheet Valores Capturados
B1: Quantidade_Usuarios_Cadastrados | C1: Data | E1: Quantidade_personagens_criados | F1: Data | H1: Quantidade_Mesas_Criadas | I1: Data | K1: Quantidade_elementos_por_mesa | L1: id_mesa
B2: 9 | C2: =TODAY() - DAY(10) -> 46136 | E2: 18 | F2: =TODAY() - DAY(10) -> 46136 | H2: 0 | I2: =TODAY() - DAY(10) -> 46136 | K2: 480 | L2: 1 | N2: Data | O2: Quantidade_Usuarios_Cadastrados | Q2: Data | R2: Quantidade_Mesas_Criadas | T2: Data | U2: Soma de Quantidade_Mesas_Criadas | W2: Data | X2: Soma de Quantidade_elementos_por_mesa
B3: 10 | C3: =TODAY() - DAY(9) -> 46137 | E3: 0 | F3: =TODAY() - DAY(9) -> 46137 | H3: 2 | I3: =TODAY() - DAY(9) -> 46137 | K3: 445 | L3: 2 | N3: 46136 | O3: 6 | Q3: 46136 | R3: 0 | T3: 46136 | U3: 0 | W3: 46136 | X3: 327
B4: 2 | C4: =TODAY() - DAY(8) -> 46138 | E4: 6 | F4: =TODAY() - DAY(8) -> 46138 | H4: 2 | I4: =TODAY() - DAY(8) -> 46138 | K4: 255 | L4: 3 | N4: 46137 | O4: 10 | Q4: 46137 | R4: 2 | T4: 46137 | U4: 2 | W4: 46137 | X4: 385
B5: 7 | C5: =TODAY() - DAY(7) -> 46139 | E5: 14 | F5: =TODAY() - DAY(7) -> 46139 | H5: 2 | I5: =TODAY() - DAY(7) -> 46139 | K5: 487 | L5: 4 | N5: 46138 | O5: 2 | Q5: 46138 | R5: 2 | T5: 46138 | U5: 2 | W5: 46138 | X5: 388
B6: 9 | C6: =TODAY() - DAY(6) -> 46140 | E6: 0 | F6: =TODAY() - DAY(6) -> 46140 | H6: 2 | I6: =TODAY() - DAY(6) -> 46140 | K6: 179 | L6: 5 | N6: 46139 | O6: 7 | Q6: 46139 | R6: 2 | T6: 46139 | U6: 2 | W6: 46139 | X6: 490
B7: 15 | C7: =TODAY() - DAY(5) -> 46141 | E7: 30 | F7: =TODAY() - DAY(5) -> 46141 | H7: 2 | I7: =TODAY() - DAY(5) -> 46141 | K7: 408 | L7: 6 | N7: 46140 | O7: 9 | Q7: 46140 | R7: 2 | T7: 46140 | U7: 2 | W7: 46140 | X7: 129
B8: 13 | C8: =TODAY() - DAY(4) -> 46142 | E8: 13 | F8: =TODAY() - DAY(4) -> 46142 | H8: 1 | I8: =TODAY() - DAY(4) -> 46142 | K8: 129 | L8: 7 | N8: 46141 | O8: 15 | Q8: 46141 | R8: 2 | T8: 46141 | U8: 2 | W8: 46141 | X8: 408
B9: 5 | C9: =TODAY() - DAY(3) -> 46143 | E9: 0 | F9: =TODAY() - DAY(3) -> 46143 | H9: 2 | I9: =TODAY() - DAY(3) -> 46143 | K9: 490 | L9: 8 | N9: 46142 | O9: 13 | Q9: 46142 | R9: 1 | T9: 46142 | U9: 1 | W9: 46142 | X9: 179
B10: 6 | C10: =TODAY() - DAY(2) -> 46144 | E10: 12 | F10: =TODAY() - DAY(2) -> 46144 | H10: 1 | I10: =TODAY() - DAY(2) -> 46144 | K10: 388 | L10: 9 | N10: 46143 | O10: 5 | Q10: 46143 | R10: 2 | T10: 46143 | U10: 2 | W10: 46143 | X10: 487
B11: 13 | C11: =TODAY() - DAY(1) -> 46145 | E11: 39 | F11: =TODAY() - DAY(1) -> 46145 | H11: 0 | I11: =TODAY() - DAY(1) -> 46145 | K11: 385 | L11: 10 | N11: 46144 | O11: 6 | Q11: 46144 | R11: 1 | T11: 46144 | U11: 1 | W11: 46144 | X11: 255
B12: 10 | C12: =TODAY() - DAY(0) -> 46146 | E12: 18 | F12: =TODAY() - DAY(0) -> 46146 | H12: 0 | I12: =TODAY() - DAY(0) -> 46146 | K12: 327 | L12: 11 | N12: 46145 | O12: 13 | Q12: 46145 | R12: 0 | T12: 46145 | U12: 0 | W12: 46145 | X12: 445
K13: 255 | L13: 12 | N13: 46146 | O13: 1 | Q13: 46146 | R13: 0 | T13: 46146 | U13: 0 | W13: 46146 | X13: 480
K14: 487 | L14: 13
K15: 179 | L15: 14
N35: Total Usuários Cadastrados | P35: Total Personagens Criados | R35: Total Mesas Criadas | T35: Total Elementos Criados | V35: Média Elementos por mesa
N36: =SUM(B2:B13) -> 99 | P36: =SUM(Tabela5[Quantidade_personagens_criados]) -> 150 | R36: =SUM(Tabela6[Quantidade_Mesas_Criadas]) -> 14 | T36: =SUM(Tabela7[Quantidade_elementos_por_mesa]) -> 4894 | V36: =ROUND(T36/R36,0) -> 350
N38: Média Usuários Por dia | P38: Média Personagens Por dia | R38: Média MesasPor dia
N39: =ROUND(N36/10,0) -> 10 | P39: =ROUND(P36/10,0) -> 15 | R39: =ROUND(R36/10,0) -> 1
N41: Último Valor Capturado (cadastros) | P41: Último Valor Capturado (personagens) | R41: Último Valor Capturado (mesas)
N42: {=LOOKUP(2,1/(B:B<>""),B:B)} -> 10 | P42: {=LOOKUP(2,1/(E:E<>""),E:E)} -> 18 | R42: {=LOOKUP(2,1/(H:H<>""),H:H)} -> 0
